id,date,channel,brand,commercial
8159913,2019-07-18 15:33:37-05:00,AZTECA UNO,Ciel,Promocion Ciel
8159829,2019-07-18 15:16:00-05:00,CANAL 2,Fanta,FANTA-KENSHO
8159803,2019-07-18 15:13:51-05:00,CANAL 2,Ciel,AGUA CIEL-CIELMINEREM
8159798,2019-07-18 15:13:31-05:00,AZTECA UNO,Coca-Cola,COCA COLA-FOODING FIL
8159791,2019-07-18 15:12:00-05:00,CANAL 2,Santa Clara,SANTA CLARA-SANTOS MOME
8159601,2019-07-18 14:39:07-05:00,CANAL 2,Coca-Cola,COCA COLA-QUESADILLA
8159414,2019-07-18 14:07:09-05:00,CANAL 2,Mundet,MUNDET-NUEVA LOCUC
8159346,2019-07-18 13:50:57-05:00,SONY HD,Coca-Cola,COCA COLA-FOODING FIL
8159225,2019-07-18 13:28:27-05:00,AZTECA UNO,Santa Clara,Santos Momentos
8159201,2019-07-18 13:25:44-05:00,CANAL 2,Coca-Cola,COCA COLA-QUESADILLA
8158820,2019-07-18 12:19:07-05:00,CANAL 2,Del Valle,NARANJA Y NA-MEJOR SABOR
8158756,2019-07-18 12:10:07-05:00,SONY HD,Sprite,Botella Azul Sprite Reciclada
8158597,2019-07-18 11:33:05-05:00,IMAGEN TV,Coca-Cola,COCA COLA-FOODING FIL
8158583,2019-07-18 11:29:33-05:00,CANAL 2,Sprite,Botella Azul Sprite Reciclada
8158573,2019-07-18 11:27:22-05:00,CANAL 2,Fanta,FANTA-KENSHO
8158517,2019-07-18 11:14:28-05:00,AZTECA UNO,Santa Clara,Santos Momentos
8158283,2019-07-18 10:27:57-05:00,CANAL 2,Santa Clara,SANTA CLARA-SANTOS MOME
8158281,2019-07-18 10:27:07-05:00,CANAL 2,Ciel,AGUA CIEL-CIELMINEREM
8158278,2019-07-18 10:24:37-05:00,CANAL 2,Coca-Cola,COCA COLA-FOODING FIL
8158122,2019-07-18 09:58:06-05:00,CANAL 2,Sprite,7UP-SUNSET VIDR
8158022,2019-07-18 09:33:55-05:00,CANAL 2,Mundet,MUNDET-NUEVA LOCUC
8157999,2019-07-18 09:30:16-05:00,CANAL 2,Ciel,Promocion Ciel
8157885,2019-07-18 08:54:28-05:00,CANAL 2,Fanta,FANTA-KENSHO
8157842,2019-07-18 08:39:31-05:00,CANAL 2,Ciel,AGUA CIEL-CIELMINEREM
8157785,2019-07-18 08:18:14-05:00,CANAL 2,Sprite,Botella Azul Sprite Reciclada
8157761,2019-07-18 08:12:25-05:00,AZTECA UNO,Ciel,Promocion Ciel
8157542,2019-07-18 06:58:56-05:00,CANAL 2,Santa Clara,SANTA CLARA-SANTOS MOME
8157541,2019-07-18 06:58:37-05:00,CANAL 2,Mundet,Acompa単ando La Comida Mexicana
8157539,2019-07-18 06:58:22-05:00,AZTECA UNO,Santa Clara,Santos Momentos
8157536,2019-07-18 06:57:37-05:00,CANAL 2,Ciel,Promocion Ciel
8157531,2019-07-18 06:56:11-05:00,CANAL 2,Fanta,FANTA-KENSHO
8157492,2019-07-18 06:43:09-05:00,AZTECA UNO,Ciel,Promocion Ciel
8157484,2019-07-18 06:40:28-05:00,CANAL 2,Ciel,AGUA CIEL-CIELMINEREM
8157297,2019-07-18 01:29:49-05:00,FOX,Coca-Cola,COCA COLA-QUESADILLA
8157261,2019-07-18 00:47:25-05:00,CANAL 9,Mundet,MUNDET-NUEVA LOCUC
8157249,2019-07-18 00:43:25-05:00,CANAL 9,Del Valle,NARANJA Y NA-MEJOR SABOR
8157166,2019-07-17 23:57:54-05:00,CANAL 5,Sprite,7UP-SUNSET VIDR
8157150,2019-07-17 23:52:43-05:00,CANAL 9,Ciel,AGUA CIEL-CIELMINEREM
8157124,2019-07-17 23:52:13-05:00,CANAL 5,Ciel,AGUA CIEL-CIELMINEREM
8157144,2019-07-17 23:51:23-05:00,CANAL 9,Mundet,MUNDET-NUEVA LOCUC
8157113,2019-07-17 23:50:18-05:00,AMC,Ciel,AGUA CIEL-CIELMINEREM
8157102,2019-07-17 23:49:13-05:00,CANAL 9,Fanta,FANTA-KENSHO
8157095,2019-07-17 23:48:11-05:00,Studio Universal,Sprite,Botella Azul Sprite Reciclada
8157080,2019-07-17 23:46:44-05:00,CANAL 9,Coca-Cola,Algo Para Tus Comidas
8157033,2019-07-17 23:32:52-05:00,AXN,Del Valle,NARANJA Y NA-MEJOR SABOR
8157001,2019-07-17 23:28:15-05:00,UNIVERSAL,Del Valle,NARANJA Y NA-MEJOR SABOR
8156998,2019-07-17 23:27:37-05:00,CANAL 9,Sprite,7UP-SUNSET VIDR
8156958,2019-07-17 23:23:56-05:00,CANAL 9,Coca-Cola,COCA COLA-QUESADILLA
8156942,2019-07-17 23:22:46-05:00,FOX,Ciel,AGUA CIEL-CIELMINEREM
8156934,2019-07-17 23:21:36-05:00,FOX,Del Valle,NARANJA Y NA-MEJOR SABOR
8156892,2019-07-17 23:19:08-05:00,SONY HD,Del Valle,NARANJA Y NA-MEJOR SABOR
8156885,2019-07-17 23:18:41-05:00,CANAL 5,Fanta,FANTA-KENSHO
8156881,2019-07-17 23:18:24-05:00,TNT,Coca-Cola,COCA COLA-QUESADILLA
8156879,2019-07-17 23:17:54-05:00,AMC,Del Valle,NARANJA Y NA-MEJOR SABOR
8156843,2019-07-17 23:08:53-05:00,SONY HD,Sprite,Botella Azul Sprite Reciclada
8156809,2019-07-17 23:02:54-05:00,COMEDY CENTRAL MX,Coca-Cola,COCA COLA-FOODING FIL
8156789,2019-07-17 23:00:09-05:00,AZTECA 7,Santa Clara,SANTA CLARA-SANTOS MOME
8156781,2019-07-17 22:59:20-05:00,FOX,Sprite,7UP-SUNSET VIDR
8156782,2019-07-17 22:58:56-05:00,CANAL 2,Coca-Cola,COCA COLA-FOODING FIL
8156766,2019-07-17 22:58:12-05:00,CANAL 9,Ciel,Promocion Ciel
8156768,2019-07-17 22:57:50-05:00,FOX,Coca-Cola,COCA COLA-QUESADILLA
8156757,2019-07-17 22:56:48-05:00,AMC,Sprite,Botella Azul Sprite Reciclada
8156711,2019-07-17 22:50:29-05:00,CANAL 5,Ciel,Promocion Ciel
8156632,2019-07-17 22:36:04-05:00,AMC,Sprite,Botella Azul Sprite Reciclada
8156630,2019-07-17 22:34:43-05:00,SONY HD,Coca-Cola,COCA COLA-FOODING FIL
8156612,2019-07-17 22:31:32-05:00,AXN,Mundet,MUNDET-NUEVA LOCUC
8156592,2019-07-17 22:26:01-05:00,HISTORY,Del Valle,NARANJA Y NA-MEJOR SABOR
8156598,2019-07-17 22:22:29-05:00,AXN,Mundet,MUNDET-NUEVA LOCUC
8156573,2019-07-17 22:22:14-05:00,TNT,Coca-Cola,COCA COLA-QUESADILLA
8156560,2019-07-17 22:19:03-05:00,SONY HD,Coca-Cola,COCA COLA-FOODING FIL
8156511,2019-07-17 22:15:10-05:00,AZTECA 7,Ciel,AGUA CIEL-CIELMINEREM
8156503,2019-07-17 22:13:33-05:00,FOX,Ciel,AGUA CIEL-CIELMINEREM
8156496,2019-07-17 22:12:43-05:00,FOX,Del Valle,NARANJA Y NA-MEJOR SABOR
8156497,2019-07-17 22:12:20-05:00,UNIVERSAL,Del Valle,NARANJA Y NA-MEJOR SABOR
8156488,2019-07-17 22:10:44-05:00,SONY HD,Del Valle,NARANJA Y NA-MEJOR SABOR
8156398,2019-07-17 21:51:33-05:00,Studio Universal,Sprite,Botella Azul Sprite Reciclada
8156400,2019-07-17 21:49:48-05:00,CANAL 2,Coca-Cola,COCA COLA-QUESADILLA
8156347,2019-07-17 21:46:38-05:00,CANAL 2,Del Valle,NARANJA Y NA-MEJOR SABOR
8156345,2019-07-17 21:46:18-05:00,CANAL 2,Santa Clara,SANTA CLARA-SANTOS MOME
8156279,2019-07-17 21:38:15-05:00,COMEDY CENTRAL MX,Ciel,AGUA CIEL-CIELMINEREM
8156235,2019-07-17 21:33:54-05:00,AMC,Ciel,AGUA CIEL-CIELMINEREM
8156220,2019-07-17 21:29:47-05:00,AXN,Del Valle,NARANJA Y NA-MEJOR SABOR
8156214,2019-07-17 21:29:42-05:00,SONY HD,Del Valle,NARANJA Y NA-MEJOR SABOR
8156202,2019-07-17 21:28:21-05:00,CANAL 5,Santa Clara,SANTA CLARA-SANTOS MOME
8156184,2019-07-17 21:25:28-05:00,HISTORY,Sprite,Botella Azul Sprite Reciclada
8156135,2019-07-17 21:19:10-05:00,DISCOVERY,Powerade,POWERADE-MANIFIESTO
8156116,2019-07-17 21:15:26-05:00,CANAL 9,Sprite,7UP-SUNSET VIDR
8156099,2019-07-17 21:13:22-05:00,AMC,Del Valle,NARANJA Y NA-MEJOR SABOR
8156024,2019-07-17 21:03:45-05:00,COMEDY CENTRAL MX,Del Valle,NARANJA Y NA-MEJOR SABOR
8156008,2019-07-17 20:58:47-05:00,CANAL 5,Del Valle,NARANJA Y NA-MEJOR SABOR
8155999,2019-07-17 20:56:03-05:00,SONY HD,Sprite,Botella Azul Sprite Reciclada
8155910,2019-07-17 20:45:26-05:00,HISTORY,Del Valle,NARANJA Y NA-MEJOR SABOR
8155861,2019-07-17 20:39:51-05:00,AMC,Del Valle,NARANJA Y NA-MEJOR SABOR
8155853,2019-07-17 20:36:57-05:00,COMEDY CENTRAL MX,Ciel,AGUA CIEL-CIELMINEREM
8155826,2019-07-17 20:35:57-05:00,AXN,Sprite,Botella Azul Sprite Reciclada
8155724,2019-07-17 20:18:41-05:00,AMC,Sprite,Botella Azul Sprite Reciclada
8155692,2019-07-17 20:15:21-05:00,AZTECA UNO,Santa Clara,Santos Momentos
8155689,2019-07-17 20:15:00-05:00,CANAL 2,Del Valle,NARANJA Y NA-MEJOR SABOR
8155641,2019-07-17 20:09:39-05:00,COMEDY CENTRAL MX,Coca-Cola,COCA COLA-QUESADILLA
8155535,2019-07-17 19:55:19-05:00,AXN,Mundet,MUNDET-NUEVA LOCUC
8155530,2019-07-17 19:54:52-05:00,IMAGEN TV,Ciel,AGUA CIEL-CIELMINEREM
8155513,2019-07-17 19:51:31-05:00,AZTECA UNO,Ciel,Promocion Ciel
8155485,2019-07-17 19:46:12-05:00,CANAL 2,Coca-Cola,COCA COLA-FOODING FIL
8155464,2019-07-17 19:43:03-05:00,AXN,Sprite,Botella Azul Sprite Reciclada
8155460,2019-07-17 19:42:42-05:00,CANAL 9,Santa Clara,SANTA CLARA-SANTOS MOME
8155396,2019-07-17 19:35:26-05:00,COMEDY CENTRAL MX,Del Valle,NARANJA Y NA-MEJOR SABOR
8155380,2019-07-17 19:32:13-05:00,HISTORY,Sprite,Botella Azul Sprite Reciclada
8155332,2019-07-17 19:20:36-05:00,CANAL 2,Ciel,AGUA CIEL-CIELMINEREM
8155318,2019-07-17 19:17:46-05:00,CANAL 2,Fanta,FANTA-KENSHO
8155246,2019-07-17 19:06:10-05:00,CANAL 2,Santa Clara,SANTA CLARA-SANTOS MOME
8155235,2019-07-17 19:04:45-05:00,AZTECA 7,Del Valle,NARANJA Y NA-MEJOR SABOR
8155225,2019-07-17 19:02:49-05:00,CANAL 2,Mundet,MUNDET-NUEVA LOCUC
8154977,2019-07-17 18:26:22-05:00,AZTECA 7,Del Valle,NARANJA Y NA-MEJOR SABOR
8154850,2019-07-17 18:10:28-05:00,AZTECA 7,Coca-Cola,COCA COLA-FOODING FIL
8154203,2019-07-17 16:14:52-05:00,AZTECA UNO,Santa Clara,Santos Momentos
8154110,2019-07-17 15:57:54-05:00,CANAL 2,Ciel,AGUA CIEL-CIELMINEREM
8153961,2019-07-17 15:35:34-05:00,AZTECA UNO,Coca-Cola,COCA COLA-FOODING FIL
8153843,2019-07-17 15:15:28-05:00,CANAL 2,Ciel,Promocion Ciel
8153836,2019-07-17 15:13:07-05:00,CANAL 2,Del Valle,NARANJA Y NA-MEJOR SABOR
8153766,2019-07-17 15:00:26-05:00,CANAL 9,Santa Clara,SANTA CLARA-SANTOS MOME
8153710,2019-07-17 14:51:50-05:00,IMAGEN TV,Coca-Cola,COCA COLA-QUESADILLA
8153669,2019-07-17 14:42:50-05:00,CANAL 2,Fanta,FANTA-KENSHO
8153634,2019-07-17 14:34:41-05:00,AZTECA UNO,Ciel,Promocion Ciel
8153423,2019-07-17 13:51:35-05:00,CANAL 2,Santa Clara,SANTA CLARA-SANTOS MOME
8153344,2019-07-17 13:33:47-05:00,AZTECA UNO,Ciel,Promocion Ciel
8153183,2019-07-17 12:58:40-05:00,AZTECA UNO,Coca-Cola,COCA COLA-FOODING FIL
8153089,2019-07-17 12:45:06-05:00,AZTECA UNO,Santa Clara,Santos Momentos
8153032,2019-07-17 12:35:44-05:00,CANAL 2,Fanta,FANTA-KENSHO
8152925,2019-07-17 12:21:24-05:00,CANAL 2,Del Valle,NARANJA Y NA-MEJOR SABOR
8152697,2019-07-17 11:38:54-05:00,CANAL 2,Del Valle,NARANJA Y NA-MEJOR SABOR
8152677,2019-07-17 11:35:24-05:00,CANAL 2,Ciel,AGUA CIEL-CIELMINEREM
8152230,2019-07-17 09:58:36-05:00,AZTECA UNO,Santa Clara,Santos Momentos
8152121,2019-07-17 09:24:53-05:00,CANAL 2,Fanta,FANTA-KENSHO
8151950,2019-07-17 08:32:18-05:00,AZTECA UNO,Ciel,Promocion Ciel
8151908,2019-07-17 08:17:16-05:00,CANAL 2,Del Valle,NARANJA Y NA-MEJOR SABOR
8151813,2019-07-17 07:50:42-05:00,CANAL 2,Santa Clara,SANTA CLARA-SANTOS MOME
8151747,2019-07-17 07:28:14-05:00,AZTECA UNO,Coca-Cola,COCA COLA-FOODING FIL
8151676,2019-07-17 06:58:30-05:00,CANAL 2,Del Valle,NARANJA Y NA-MEJOR SABOR
8151629,2019-07-17 06:41:38-05:00,AZTECA UNO,Ciel,Promocion Ciel
8151559,2019-07-17 06:14:22-05:00,CANAL 2,Del Valle,NARANJA Y NA-MEJOR SABOR
8151544,2019-07-17 05:57:49-05:00,AZTECA UNO,Santa Clara,Santos Momentos
8151424,2019-07-17 01:28:01-05:00,FX,Ciel,AGUA CIEL-CIELMINEREM
8151411,2019-07-17 01:09:03-05:00,FOX,Coca-Cola,COCA COLA-QUESADILLA
8151384,2019-07-17 00:52:30-05:00,FX,Ciel,AGUA CIEL-CIELMINEREM
8151370,2019-07-17 00:48:11-05:00,CANAL 9,Del Valle,NARANJA Y NA-MEJOR SABOR
8151354,2019-07-17 00:43:01-05:00,CANAL 9,Coca-Cola,COCA COLA-FOODING FIL
8151258,2019-07-16 23:58:33-05:00,FX,Ciel,AGUA CIEL-CIELMINEREM
8151254,2019-07-16 23:57:13-05:00,FX,Sprite,Botella Azul Sprite Reciclada
8151179,2019-07-16 23:48:37-05:00,CANAL 5,Fanta,FANTA-KENSHO
8151182,2019-07-16 23:48:28-05:00,AMC,Ciel,AGUA CIEL-CIELMINEREM
8151168,2019-07-16 23:46:01-05:00,COMEDY CENTRAL MX,Ciel,AGUA CIEL-CIELMINEREM
8151042,2019-07-16 23:27:34-05:00,DISCOVERY,Ciel,AGUA CIEL-CIELMINEREM
8151049,2019-07-16 23:25:28-05:00,COMEDY CENTRAL MX,Coca-Cola,COCA COLA-FOODING FIL
8151003,2019-07-16 23:25:07-05:00,CANAL 2,Mundet,MUNDET-NUEVA LOCUC
8150971,2019-07-16 23:21:32-05:00,CANAL 2,Coca-Cola,COCA COLA-QUESADILLA
8150967,2019-07-16 23:21:12-05:00,CANAL 2,Santa Clara,SANTA CLARA-SANTOS MOME
8150934,2019-07-16 23:17:51-05:00,DISCOVERY,Del Valle,NARANJA Y NA-MEJOR SABOR
8150918,2019-07-16 23:13:51-05:00,FOX,Ciel,AGUA CIEL-CIELMINEREM
8150910,2019-07-16 23:13:37-05:00,CANAL 5,Ciel,Promocion Ciel
8150913,2019-07-16 23:12:40-05:00,AMC,Del Valle,NARANJA Y NA-MEJOR SABOR
8150883,2019-07-16 23:06:12-05:00,AZTECA 7,Powerade,POWERADE-MANIFIESTO
8150880,2019-07-16 23:05:39-05:00,AZTECA 7,Santa Clara,SANTA CLARA-SANTOS MOME
8150877,2019-07-16 23:04:10-05:00,CANAL 2,Ciel,AGUA CIEL-CIELMINEREM
8150826,2019-07-16 22:57:46-05:00,CANAL 2,Fanta,FANTA-KENSHO
8150833,2019-07-16 22:57:27-05:00,CANAL 9,Santa Clara,SANTA CLARA-SANTOS MOME
8150823,2019-07-16 22:57:07-05:00,CANAL 2,Ciel,Promocion Ciel
8150821,2019-07-16 22:56:54-05:00,UNIVERSAL,Del Valle,NARANJA Y NA-MEJOR SABOR
8150815,2019-07-16 22:55:27-05:00,CANAL 5,Del Valle,NARANJA Y NA-MEJOR SABOR
8150812,2019-07-16 22:54:57-05:00,CANAL 9,Coca-Cola,COCA COLA-QUESADILLA
8150805,2019-07-16 22:54:37-05:00,CANAL 5,Ciel,AGUA CIEL-CIELMINEREM
8150794,2019-07-16 22:53:27-05:00,CANAL 9,Mundet,MUNDET-NUEVA LOCUC
8150786,2019-07-16 22:52:33-05:00,AMC,Sprite,Botella Azul Sprite Reciclada
8150789,2019-07-16 22:52:02-05:00,AXN,Del Valle,NARANJA Y NA-MEJOR SABOR
8150713,2019-07-16 22:40:51-05:00,SONY HD,Del Valle,NARANJA Y NA-MEJOR SABOR
8150702,2019-07-16 22:35:52-05:00,COMEDY CENTRAL MX,Del Valle,NARANJA Y NA-MEJOR SABOR
8150676,2019-07-16 22:32:07-05:00,AMC,Sprite,Botella Azul Sprite Reciclada
8150669,2019-07-16 22:30:33-05:00,DISCOVERY,Ciel,AGUA CIEL-CIELMINEREM
8150605,2019-07-16 22:20:18-05:00,COMEDY CENTRAL MX,Ciel,AGUA CIEL-CIELMINEREM
8150593,2019-07-16 22:19:40-05:00,DISCOVERY,Mundet,MUNDET-NUEVA LOCUC
8150589,2019-07-16 22:19:19-05:00,AZTECA 7,Del Valle,NARANJA Y NA-MEJOR SABOR
8150586,2019-07-16 22:18:19-05:00,COMEDY CENTRAL MX,Sprite,Botella Azul Sprite Reciclada
8150532,2019-07-16 22:11:37-05:00,FOX,Coca-Cola,COCA COLA-QUESADILLA
8150515,2019-07-16 22:03:50-05:00,AZTECA 7,Sprite,7UP-SUNSET VIDR
8150483,2019-07-16 21:57:31-05:00,CANAL 9,Santa Clara,SANTA CLARA-SANTOS MOME
8150469,2019-07-16 21:54:37-05:00,COMEDY CENTRAL MX,Ciel,Promocion Ciel
8150462,2019-07-16 21:53:58-05:00,CANAL 5,Sprite,7UP-SUNSET VIDR
8150456,2019-07-16 21:52:21-05:00,CANAL 2,Ciel,AGUA CIEL-CIELMINEREM
8150409,2019-07-16 21:48:30-05:00,UNIVERSAL,Sprite,7UP-SUNSET VIDR
8150398,2019-07-16 21:48:00-05:00,UNIVERSAL,Del Valle,NARANJA Y NA-MEJOR SABOR
8150342,2019-07-16 21:43:16-05:00,A&E,Coca-Cola,COCA COLA-FOODING FIL
8150316,2019-07-16 21:39:26-05:00,FX,Ciel,AGUA CIEL-CIELMINEREM
8150289,2019-07-16 21:34:49-05:00,COMEDY CENTRAL MX,Ciel,AGUA CIEL-CIELMINEREM
8150261,2019-07-16 21:30:54-05:00,COMEDY CENTRAL MX,Coca-Cola,COCA COLA-FOODING FIL
8150227,2019-07-16 21:24:57-05:00,CANAL 5,Santa Clara,SANTA CLARA-SANTOS MOME
8150185,2019-07-16 21:19:45-05:00,DISCOVERY,Sprite,Botella Azul Sprite Reciclada
8150180,2019-07-16 21:18:02-05:00,TNT,Coca-Cola,COCA COLA-QUESADILLA
8150080,2019-07-16 21:11:37-05:00,AMC,Del Valle,NARANJA Y NA-MEJOR SABOR
8149993,2019-07-16 20:55:50-05:00,IMAGEN TV,Coca-Cola,COCA COLA-QUESADILLA
8149987,2019-07-16 20:54:26-05:00,AMC,Ciel,AGUA CIEL-CIELMINEREM
8149980,2019-07-16 20:53:57-05:00,Studio Universal,Sprite,7UP-SUNSET VIDR
8149979,2019-07-16 20:53:05-05:00,AMC,Del Valle,NARANJA Y NA-MEJOR SABOR
8149984,2019-07-16 20:52:38-05:00,HISTORY,Sprite,Botella Azul Sprite Reciclada
8149912,2019-07-16 20:45:57-05:00,COMEDY CENTRAL MX,Sprite,Botella Azul Sprite Reciclada
8149882,2019-07-16 20:42:38-05:00,DISCOVERY,Mundet,MUNDET-NUEVA LOCUC
8149833,2019-07-16 20:32:44-05:00,AMC,Sprite,Botella Azul Sprite Reciclada
8149804,2019-07-16 20:28:05-05:00,SONY HD,Coca-Cola,COCA COLA-FOODING FIL
8149755,2019-07-16 20:21:59-05:00,TNT,Coca-Cola,COCA COLA-FOODING FIL
8149738,2019-07-16 20:20:22-05:00,DISCOVERY,Sprite,Botella Azul Sprite Reciclada
8149716,2019-07-16 20:19:03-05:00,AZTECA 7,Del Valle,NARANJA Y NA-MEJOR SABOR
8149691,2019-07-16 20:17:16-05:00,COMEDY CENTRAL MX,Del Valle,NARANJA Y NA-MEJOR SABOR
8149680,2019-07-16 20:13:47-05:00,A&E,Coca-Cola,COCA COLA-FOODING FIL
8149669,2019-07-16 20:11:22-05:00,SONY HD,Del Valle,NARANJA Y NA-MEJOR SABOR
8149663,2019-07-16 20:10:44-05:00,AXN,Del Valle,NARANJA Y NA-MEJOR SABOR
8149628,2019-07-16 20:07:30-05:00,CANAL 2,Coca-Cola,Algo Para Tus Comidas
8149615,2019-07-16 20:06:49-05:00,CANAL 2,Ciel,AGUA CIEL-CIELMINEREM
8149616,2019-07-16 20:06:12-05:00,AZTECA 7,Santa Clara,SANTA CLARA-SANTOS MOME
8149590,2019-07-16 20:04:11-05:00,AZTECA 7,Sprite,Botella Azul Sprite Reciclada
8149552,2019-07-16 19:55:19-05:00,CANAL 2,Del Valle,NARANJA Y NA-MEJOR SABOR
8149544,2019-07-16 19:54:19-05:00,CANAL 2,Fanta,FANTA-KENSHO
8149542,2019-07-16 19:53:49-05:00,CANAL 2,Santa Clara,SANTA CLARA-SANTOS MOME
8149514,2019-07-16 19:49:18-05:00,HISTORY,Sprite,Botella Azul Sprite Reciclada
8149453,2019-07-16 19:43:32-05:00,DISCOVERY,Del Valle,NARANJA Y NA-MEJOR SABOR
8149414,2019-07-16 19:39:48-05:00,SONY HD,Coca-Cola,COCA COLA-FOODING FIL
8149261,2019-07-16 19:19:11-05:00,AZTECA 7,Del Valle,NARANJA Y NA-MEJOR SABOR
8149206,2019-07-16 19:11:40-05:00,AZTECA UNO,Coca-Cola,COCA COLA-FOODING FIL
8149162,2019-07-16 19:04:57-05:00,AZTECA 7,Santa Clara,SANTA CLARA-SANTOS MOME
8148543,2019-07-16 17:24:04-05:00,AZTECA UNO,Santa Clara,Santos Momentos
8148181,2019-07-16 16:36:52-05:00,AZTECA UNO,Ciel,Promocion Ciel
8154529,2019-07-16 16:07:52-05:00,AZTECA UNO,Mundet,Mundet A La Mexicana v1
8147913,2019-07-16 15:47:37-05:00,AZTECA UNO,Ciel,AGUA CIEL-CIELMINEREM
8154466,2019-07-16 15:33:07-05:00,AZTECA UNO,Powerade,Poder Powerade 20seg
8147547,2019-07-16 14:44:00-05:00,CANAL 2,Del Valle,NARANJA Y NA-MEJOR SABOR
8147491,2019-07-16 14:31:20-05:00,AZTECA UNO,Ciel,Promocion Ciel
8153979,2019-07-16 14:30:29-05:00,AZTECA UNO,Del Valle,Mejor Sabor Del ValleyNada
8147480,2019-07-16 14:29:08-05:00,AZTECA UNO,Coca-Cola,COCA COLA-FOODING FIL
8153944,2019-07-16 14:27:33-05:00,AZTECA UNO,Fanta,Refresco Fanta 10seg
8147466,2019-07-16 14:25:43-05:00,AZTECA UNO,Ciel,Promocion Ciel
8147393,2019-07-16 14:13:40-05:00,CANAL 2,Coca-Cola,Algo Para Tus Comidas
8147381,2019-07-16 14:11:49-05:00,CANAL 2,Santa Clara,SANTA CLARA-SANTOS MOME
8147224,2019-07-16 13:34:01-05:00,AZTECA UNO,Santa Clara,Santos Momentos
8146925,2019-07-16 12:30:53-05:00,CANAL 2,Coca-Cola,COCA COLA-FOODING FIL
8146818,2019-07-16 12:15:44-05:00,CANAL 2,Coca-Cola,Algo Para Tus Comidas
8146675,2019-07-16 11:41:36-05:00,AZTECA UNO,Ciel,Promocion Ciel
8146381,2019-07-16 10:45:15-05:00,AZTECA UNO,Ciel,Promocion Ciel
8146352,2019-07-16 10:36:59-05:00,CANAL 2,Del Valle,NARANJA Y NA-MEJOR SABOR
8146207,2019-07-16 10:06:42-05:00,CANAL 2,Santa Clara,SANTA CLARA-SANTOS MOME
8146152,2019-07-16 09:51:28-05:00,AZTECA UNO,Coca-Cola,COCA COLA-FOODING FIL
8146081,2019-07-16 09:33:26-05:00,CANAL 2,Sprite,Botella Azul Sprite Reciclada
8146069,2019-07-16 09:30:39-05:00,CANAL 2,Coca-Cola,COCA COLA-QUESADILLA
8146062,2019-07-16 09:29:31-05:00,AZTECA UNO,Santa Clara,Santos Momentos
8145944,2019-07-16 08:54:45-05:00,CANAL 2,Ciel,Promocion Ciel
8145829,2019-07-16 08:17:42-05:00,CANAL 2,Ciel,AGUA CIEL-CIELMINEREM
8145819,2019-07-16 08:16:02-05:00,CANAL 2,Fanta,FANTA-KENSHO
8145599,2019-07-16 06:55:21-05:00,AZTECA UNO,Ciel,Promocion Ciel
8145570,2019-07-16 06:42:06-05:00,AZTECA UNO,Ciel,AGUA CIEL-CIELMINEREM
8145566,2019-07-16 06:41:07-05:00,AZTECA UNO,Santa Clara,Santos Momentos
8145556,2019-07-16 06:39:11-05:00,CANAL 2,Coca-Cola,COCA COLA-QUESADILLA
8145502,2019-07-16 06:14:08-05:00,CANAL 2,Santa Clara,SANTA CLARA-SANTOS MOME
8145354,2019-07-16 01:26:44-05:00,FOX,Ciel,AGUA CIEL-CIELMINEREM
8145334,2019-07-16 00:47:33-05:00,CANAL 9,Coca-Cola,COCA COLA-QUESADILLA
8145333,2019-07-16 00:46:36-05:00,DISCOVERY,Mundet,MUNDET-NUEVA LOCUC
8145316,2019-07-16 00:42:53-05:00,CANAL 9,Santa Clara,SANTA CLARA-SANTOS MOME
8145253,2019-07-16 00:06:36-05:00,AZTECA UNO,Santa Clara,Santos Momentos
8145249,2019-07-16 00:06:09-05:00,CANAL 2,Santa Clara,SANTA CLARA-SANTOS MOME
8145211,2019-07-15 23:52:13-05:00,CANAL 5,Ciel,Promocion Ciel
8145137,2019-07-15 23:43:44-05:00,AXN,Del Valle,NARANJA Y NA-MEJOR SABOR
8145122,2019-07-15 23:42:15-05:00,HOME&HEALTH,Coca-Cola,COCA COLA-QUESADILLA
8145119,2019-07-15 23:41:48-05:00,CANAL 9,Sprite,7UP-SUNSET VIDR
8145101,2019-07-15 23:38:27-05:00,CANAL 9,Santa Clara,SANTA CLARA-SANTOS MOME
8145089,2019-07-15 23:36:44-05:00,AMC,Ciel,AGUA CIEL-CIELMINEREM
8145079,2019-07-15 23:36:24-05:00,FX,Coca-Cola,COCA COLA-FOODING FIL
8145042,2019-07-15 23:31:48-05:00,AXN,Sprite,Botella Azul Sprite Reciclada
8145028,2019-07-15 23:30:17-05:00,DISCOVERY,Mundet,MUNDET-NUEVA LOCUC
8145019,2019-07-15 23:29:04-05:00,IMAGEN TV,Ciel,Promocion Ciel
8145023,2019-07-15 23:29:00-05:00,CANAL 5,Sprite,Botella Azul Sprite Reciclada
8145007,2019-07-15 23:28:14-05:00,A&E,Del Valle,NARANJA Y NA-MEJOR SABOR
8145004,2019-07-15 23:27:37-05:00,FOX,Ciel,AGUA CIEL-CIELMINEREM
8144997,2019-07-15 23:26:38-05:00,AZTECA 7,Ciel,AGUA CIEL-CIELMINEREM
8144987,2019-07-15 23:25:35-05:00,CANAL 2,Santa Clara,SANTA CLARA-SANTOS MOME
8144991,2019-07-15 23:25:31-05:00,AMC,Sprite,Botella Azul Sprite Reciclada
8144980,2019-07-15 23:25:05-05:00,CANAL 2,Coca-Cola,COCA COLA-QUESADILLA
8144971,2019-07-15 23:23:35-05:00,CANAL 2,Mundet,MUNDET-NUEVA LOCUC
8144908,2019-07-15 23:18:38-05:00,DISCOVERY,Del Valle,NARANJA Y NA-MEJOR SABOR
8144910,2019-07-15 23:13:53-05:00,FOX,Del Valle,NARANJA Y NA-MEJOR SABOR
8144871,2019-07-15 23:13:17-05:00,CANAL 5,Ciel,AGUA CIEL-CIELMINEREM
8144876,2019-07-15 23:12:50-05:00,AMC,Sprite,Botella Azul Sprite Reciclada
8144841,2019-07-15 23:09:16-05:00,CANAL 5,Mundet,MUNDET-NUEVA LOCUC
8144839,2019-07-15 23:07:57-05:00,IMAGEN TV,Coca-Cola,COCA COLA-FOODING FIL
8144811,2019-07-15 23:03:10-05:00,CANAL 2,Sprite,Botella Azul Sprite Reciclada
8144810,2019-07-15 23:02:49-05:00,CANAL 2,Santa Clara,SANTA CLARA-SANTOS MOME
8144778,2019-07-15 22:57:26-05:00,CANAL 2,Del Valle,NARANJA Y NA-MEJOR SABOR
8144768,2019-07-15 22:54:44-05:00,FX,Coca-Cola,COCA COLA-QUESADILLA
8144760,2019-07-15 22:53:04-05:00,CANAL 5,Fanta,Sabores De Fanta
8144711,2019-07-15 22:47:15-05:00,DISCOVERY,Mundet,MUNDET-NUEVA LOCUC
8144713,2019-07-15 22:47:01-05:00,AMC,Sprite,Botella Azul Sprite Reciclada
8144707,2019-07-15 22:46:06-05:00,COMEDY CENTRAL MX,Coca-Cola,COCA COLA-QUESADILLA
8144690,2019-07-15 22:44:47-05:00,AXN,Sprite,Botella Azul Sprite Reciclada
8144671,2019-07-15 22:39:35-05:00,HOME&HEALTH,Sprite,Botella Azul Sprite Reciclada
8144662,2019-07-15 22:35:26-05:00,AMC,Ciel,AGUA CIEL-CIELMINEREM
8144649,2019-07-15 22:32:58-05:00,FOX,Sprite,7UP-SUNSET VIDR
8144585,2019-07-15 22:24:47-05:00,AMC,Del Valle,NARANJA Y NA-MEJOR SABOR
8144565,2019-07-15 22:21:06-05:00,FOX,Del Valle,NARANJA Y NA-MEJOR SABOR
8144482,2019-07-15 22:14:31-05:00,AZTECA 7,Del Valle,NARANJA Y NA-MEJOR SABOR
8144492,2019-07-15 22:13:47-05:00,COMEDY CENTRAL MX,Del Valle,NARANJA Y NA-MEJOR SABOR
8144423,2019-07-15 21:56:59-05:00,CANAL 9,Santa Clara,SANTA CLARA-SANTOS MOME
8144363,2019-07-15 21:47:41-05:00,AZTECA 7,Sprite,Botella Azul Sprite Reciclada
8144297,2019-07-15 21:43:47-05:00,DISCOVERY,Sprite,Botella Azul Sprite Reciclada
8144293,2019-07-15 21:43:18-05:00,SONY HD,Del Valle,NARANJA Y NA-MEJOR SABOR
8144280,2019-07-15 21:41:34-05:00,CANAL 2,Santa Clara,SANTA CLARA-SANTOS MOME
8144227,2019-07-15 21:33:53-05:00,COMEDY CENTRAL MX,Coca-Cola,COCA COLA-FOODING FIL
8148113,2019-07-15 21:31:09-05:00,AXN,Powerade,Hay Poder Powerade
8144084,2019-07-15 21:18:54-05:00,AXN,Del Valle,NARANJA Y NA-MEJOR SABOR
8143986,2019-07-15 21:00:06-05:00,CANAL 5,Santa Clara,SANTA CLARA-SANTOS MOME
8143981,2019-07-15 20:59:03-05:00,AZTECA 7,Mundet,MUNDET-NUEVA LOCUC
8143941,2019-07-15 20:55:03-05:00,AMC,Del Valle,NARANJA Y NA-MEJOR SABOR
8143932,2019-07-15 20:51:52-05:00,HISTORY,Del Valle,NARANJA Y NA-MEJOR SABOR
8143901,2019-07-15 20:49:05-05:00,CANAL 2,Coca-Cola,COCA COLA-FOODING FIL
8143894,2019-07-15 20:48:12-05:00,COMEDY CENTRAL MX,Del Valle,NARANJA Y NA-MEJOR SABOR
8143853,2019-07-15 20:44:39-05:00,DISCOVERY,Mundet,MUNDET-NUEVA LOCUC
8143762,2019-07-15 20:32:18-05:00,SONY HD,Del Valle,NARANJA Y NA-MEJOR SABOR
8143752,2019-07-15 20:31:01-05:00,A&E,Del Valle,NARANJA Y NA-MEJOR SABOR
8143675,2019-07-15 20:21:47-05:00,DISCOVERY,Del Valle,NARANJA Y NA-MEJOR SABOR
8143674,2019-07-15 20:20:57-05:00,AZTECA 7,Sprite,Botella Azul Sprite Reciclada
8143578,2019-07-15 20:07:16-05:00,AZTECA 7,Santa Clara,SANTA CLARA-SANTOS MOME
8143565,2019-07-15 20:04:53-05:00,CANAL 2,Santa Clara,SANTA CLARA-SANTOS MOME
8143517,2019-07-15 19:54:55-05:00,CANAL 5,Del Valle,NARANJA Y NA-MEJOR SABOR
8143520,2019-07-15 19:54:41-05:00,HOME&HEALTH,Coca-Cola,COCA COLA-FOODING FIL
8143462,2019-07-15 19:48:50-05:00,CANAL 2,Del Valle,NARANJA Y NA-MEJOR SABOR
8143453,2019-07-15 19:48:08-05:00,HISTORY,Del Valle,NARANJA Y NA-MEJOR SABOR
8143399,2019-07-15 19:44:18-05:00,CANAL 5,Coca-Cola,COCA COLA-FOODING FIL
8143391,2019-07-15 19:43:25-05:00,DISCOVERY,Sprite,Botella Azul Sprite Reciclada
8143350,2019-07-15 19:39:07-05:00,HOME&HEALTH,Sprite,Botella Azul Sprite Reciclada
8143326,2019-07-15 19:33:12-05:00,AZTECA 7,Coca-Cola,COCA COLA-FOODING FIL
8143324,2019-07-15 19:32:23-05:00,AMC,Del Valle,NARANJA Y NA-MEJOR SABOR
8143182,2019-07-15 19:08:08-05:00,CANAL 2,Del Valle,NARANJA Y NA-MEJOR SABOR
8143171,2019-07-15 19:06:52-05:00,AZTECA 7,Santa Clara,SANTA CLARA-SANTOS MOME
8143158,2019-07-15 19:05:45-05:00,AZTECA 7,Sprite,Botella Azul Sprite Reciclada
8143041,2019-07-15 18:49:06-05:00,CANAL 2,Sprite,Botella Azul Sprite Reciclada
8143033,2019-07-15 18:48:15-05:00,CANAL 2,Santa Clara,SANTA CLARA-SANTOS MOME
8142757,2019-07-15 18:12:16-05:00,AZTECA 7,Coca-Cola,COCA COLA-FOODING FIL
8142200,2019-07-15 16:32:04-05:00,AZTECA UNO,Santa Clara,Santos Momentos
8142190,2019-07-15 16:28:08-05:00,AZTECA UNO,Coca-Cola,COCA COLA-FOODING FIL
8142089,2019-07-15 16:12:43-05:00,AZTECA UNO,Ciel,Promocion Ciel
8141881,2019-07-15 15:39:32-05:00,AZTECA UNO,Ciel,AGUA CIEL-CIELMINEREM
8141839,2019-07-15 15:33:03-05:00,IMAGEN TV,Coca-Cola,COCA COLA-FOODING FIL
8141759,2019-07-15 15:17:24-05:00,CANAL 2,Ciel,Promocion Ciel
8141512,2019-07-15 14:38:05-05:00,CANAL 2,Santa Clara,SANTA CLARA-SANTOS MOME
8141489,2019-07-15 14:31:56-05:00,AZTECA UNO,Ciel,AGUA CIEL-CIELMINEREM
8141443,2019-07-15 14:26:06-05:00,AZTECA UNO,Ciel,Promocion Ciel
8141355,2019-07-15 14:12:49-05:00,CANAL 2,Sprite,7UP-SUNSET VIDR
8141202,2019-07-15 13:41:12-05:00,AZTECA UNO,Santa Clara,Santos Momentos
8141106,2019-07-15 13:26:45-05:00,CANAL 2,Santa Clara,SANTA CLARA-SANTOS MOME
8140978,2019-07-15 12:59:17-05:00,AZTECA UNO,Coca-Cola,COCA COLA-FOODING FIL
8140892,2019-07-15 12:40:45-05:00,AZTECA UNO,Ciel,AGUA CIEL-CIELMINEREM
8139958,2019-07-15 09:33:40-05:00,CANAL 2,Del Valle,NARANJA Y NA-MEJOR SABOR
8139945,2019-07-15 09:30:40-05:00,CANAL 2,Ciel,AGUA CIEL-CIELMINEREM
8139712,2019-07-15 08:22:32-05:00,CANAL 2,Santa Clara,SANTA CLARA-SANTOS MOME
8139640,2019-07-15 07:54:00-05:00,CANAL 2,Santa Clara,SANTA CLARA-SANTOS MOME
8139464,2019-07-15 06:57:07-05:00,CANAL 2,Coca-Cola,Algo Para Tus Comidas
8139428,2019-07-15 06:42:08-05:00,CANAL 2,Del Valle,NARANJA Y NA-MEJOR SABOR
8139407,2019-07-15 06:33:26-05:00,IMAGEN TV,Ciel,AGUA CIEL-CIELMINEREM
8139395,2019-07-15 06:28:49-05:00,CANAL 2,Fanta,FANTA-KENSHO
8139330,2019-07-15 06:12:03-05:00,CANAL 2,Ciel,AGUA CIEL-CIELMINEREM
8139316,2019-07-15 05:57:38-05:00,AZTECA UNO,Santa Clara,Santos Momentos
8139312,2019-07-15 05:55:09-05:00,AZTECA UNO,Ciel,Promocion Ciel
8139170,2019-07-15 01:49:14-05:00,FX,Ciel,AGUA CIEL-CIELMINEREM
8139135,2019-07-15 01:28:44-05:00,FOX,Ciel,AGUA CIEL-CIELMINEREM
8139075,2019-07-15 00:30:00-05:00,Studio Universal,Sprite,Botella Azul Sprite Reciclada
8139064,2019-07-15 00:26:24-05:00,UNIVERSAL,Del Valle,NARANJA Y NA-MEJOR SABOR
8139020,2019-07-15 00:05:21-05:00,Studio Universal,Sprite,Botella Azul Sprite Reciclada
8139019,2019-07-15 00:05:13-05:00,CANAL 9,Ciel,AGUA CIEL-CIELMINEREM
8139005,2019-07-15 00:01:44-05:00,AZTECA UNO,Ciel,Promocion Ciel
8139002,2019-07-15 00:01:18-05:00,CANAL 9,Santa Clara,SANTA CLARA-SANTOS MOME
8138997,2019-07-15 00:00:37-05:00,CANAL 2,Santa Clara,SANTA CLARA-SANTOS MOME
8138995,2019-07-15 00:00:08-05:00,CANAL 2,Sprite,Botella Azul Sprite Reciclada
8138994,2019-07-14 23:59:27-05:00,CANAL 2,Mundet,MUNDET-NUEVA LOCUC
8138991,2019-07-14 23:57:43-05:00,AZTECA UNO,Santa Clara,Santos Momentos
8138964,2019-07-14 23:53:36-05:00,CANAL 5,Mundet,Acompa単ando La Comida Mexicana
8138955,2019-07-14 23:52:58-05:00,AZTECA 7,Fanta,FANTA-KENSHO
8138949,2019-07-14 23:52:08-05:00,AZTECA 7,Ciel,AGUA CIEL-CIELMINEREM
8138945,2019-07-14 23:52:05-05:00,CANAL 2,Fanta,FANTA-KENSHO
8138933,2019-07-14 23:51:11-05:00,AMC,Del Valle,NARANJA Y NA-MEJOR SABOR
8138936,2019-07-14 23:51:05-05:00,CANAL 5,Coca-Cola,COCA COLA-QUESADILLA
8138923,2019-07-14 23:50:16-05:00,CANAL 5,Ciel,Promocion Ciel
8138910,2019-07-14 23:48:48-05:00,AZTECA 7,Santa Clara,SANTA CLARA-SANTOS MOME
8138905,2019-07-14 23:47:43-05:00,SONY HD,Sprite,Botella Azul Sprite Reciclada
8138884,2019-07-14 23:42:20-05:00,FX,Sprite,Botella Azul Sprite Reciclada
8138855,2019-07-14 23:41:05-05:00,CANAL 2,Del Valle,NARANJA Y NA-MEJOR SABOR
8138822,2019-07-14 23:34:57-05:00,SONY HD,Sprite,Botella Azul Sprite Reciclada
8138793,2019-07-14 23:31:59-05:00,CANAL 5,Ciel,AGUA CIEL-CIELMINEREM
8138798,2019-07-14 23:31:00-05:00,AZTECA 7,Mundet,MUNDET-NUEVA LOCUC
8138752,2019-07-14 23:28:10-05:00,CANAL 5,Sprite,Botella Azul Sprite Reciclada
8138745,2019-07-14 23:27:39-05:00,CANAL 5,Santa Clara,SANTA CLARA-SANTOS MOME
8138737,2019-07-14 23:26:25-05:00,A&E,Mundet,MUNDET-NUEVA LOCUC
8138715,2019-07-14 23:24:05-05:00,FOX,Del Valle,NARANJA Y NA-MEJOR SABOR
8138710,2019-07-14 23:23:16-05:00,FOX,Sprite,Botella Azul Sprite Reciclada
8138677,2019-07-14 23:18:38-05:00,A&E,Coca-Cola,COCA COLA-FOODING FIL
8138669,2019-07-14 23:16:46-05:00,UNIVERSAL,Del Valle,NARANJA Y NA-MEJOR SABOR
8138642,2019-07-14 23:13:08-05:00,A&E,Del Valle,NARANJA Y NA-MEJOR SABOR
8138534,2019-07-14 22:55:16-05:00,AMC,Del Valle,NARANJA Y NA-MEJOR SABOR
8138530,2019-07-14 22:54:27-05:00,AMC,Sprite,Botella Azul Sprite Reciclada
8138529,2019-07-14 22:52:16-05:00,SONY HD,Del Valle,NARANJA Y NA-MEJOR SABOR
8138405,2019-07-14 22:41:06-05:00,IMAGEN TV,Ciel,AGUA CIEL-CIELMINEREM
8138399,2019-07-14 22:39:31-05:00,FOX,Del Valle,NARANJA Y NA-MEJOR SABOR
8138388,2019-07-14 22:38:21-05:00,FOX,Ciel,AGUA CIEL-CIELMINEREM
8138378,2019-07-14 22:33:25-05:00,AMC,Del Valle,NARANJA Y NA-MEJOR SABOR
8138348,2019-07-14 22:27:00-05:00,A&E,Coca-Cola,COCA COLA-FOODING FIL
8138278,2019-07-14 22:22:04-05:00,SONY HD,Mundet,MUNDET-NUEVA LOCUC
8138205,2019-07-14 22:16:20-05:00,FOX,Sprite,Botella Azul Sprite Reciclada
8138164,2019-07-14 22:11:27-05:00,A&E,Del Valle,NARANJA Y NA-MEJOR SABOR
8138127,2019-07-14 21:57:40-05:00,AZTECA 7,Santa Clara,SANTA CLARA-SANTOS MOME
8138080,2019-07-14 21:50:40-05:00,SONY HD,Del Valle,NARANJA Y NA-MEJOR SABOR
8138066,2019-07-14 21:50:28-05:00,COMEDY CENTRAL MX,Ciel,AGUA CIEL-CIELMINEREM
8138035,2019-07-14 21:45:52-05:00,AXN,Mundet,Acompa単ando La Comida Mexicana
8138006,2019-07-14 21:44:36-05:00,HISTORY,Del Valle,NARANJA Y NA-MEJOR SABOR
8138033,2019-07-14 21:44:06-05:00,HOME&HEALTH,Sprite,Botella Azul Sprite Reciclada
8137935,2019-07-14 21:35:34-05:00,HISTORY,Sprite,Botella Azul Sprite Reciclada
8137924,2019-07-14 21:34:17-05:00,SONY HD,Sprite,Botella Azul Sprite Reciclada
8137888,2019-07-14 21:30:04-05:00,COMEDY CENTRAL MX,Coca-Cola,COCA COLA-QUESADILLA
8137865,2019-07-14 21:26:53-05:00,AXN,Del Valle,NARANJA Y NA-MEJOR SABOR
8137859,2019-07-14 21:25:27-05:00,FX,Sprite,Botella Azul Sprite Reciclada
8137853,2019-07-14 21:25:04-05:00,HOME&HEALTH,Coca-Cola,COCA COLA-FOODING FIL
8137696,2019-07-14 21:10:01-05:00,AMC,Sprite,Botella Azul Sprite Reciclada
8137673,2019-07-14 21:03:58-05:00,AZTECA 7,Ciel,AGUA CIEL-CIELMINEREM
8137660,2019-07-14 21:02:26-05:00,A&E,Mundet,MUNDET-NUEVA LOCUC
8137656,2019-07-14 21:01:27-05:00,A&E,Coca-Cola,Es Hora De Juntarse A Comer
8137595,2019-07-14 20:51:13-05:00,AXN,Mundet,MUNDET-NUEVA LOCUC
8137572,2019-07-14 20:48:45-05:00,AMC,Del Valle,NARANJA Y NA-MEJOR SABOR
8137529,2019-07-14 20:43:36-05:00,HISTORY,Sprite,Botella Azul Sprite Reciclada
8137468,2019-07-14 20:37:49-05:00,HISTORY,Del Valle,NARANJA Y NA-MEJOR SABOR
8137426,2019-07-14 20:32:22-05:00,COMEDY CENTRAL MX,Del Valle,NARANJA Y NA-MEJOR SABOR
8137377,2019-07-14 20:24:33-05:00,AXN,Sprite,Botella Azul Sprite Reciclada
8137292,2019-07-14 20:15:19-05:00,CANAL 5,Mundet,MUNDET-NUEVA LOCUC
8137286,2019-07-14 20:14:09-05:00,CANAL 5,Ciel,AGUA CIEL-CIELMINEREM
8137274,2019-07-14 20:13:19-05:00,CANAL 5,Santa Clara,SANTA CLARA-SANTOS MOME
8137277,2019-07-14 20:12:44-05:00,AXN,Del Valle,NARANJA Y NA-MEJOR SABOR
8137208,2019-07-14 20:04:32-05:00,HOME&HEALTH,Sprite,Botella Azul Sprite Reciclada
8137191,2019-07-14 19:59:46-05:00,HISTORY,Del Valle,NARANJA Y NA-MEJOR SABOR
8137182,2019-07-14 19:55:53-05:00,HOME&HEALTH,Coca-Cola,COCA COLA-QUESADILLA
8137159,2019-07-14 19:53:55-05:00,CANAL 2,Fanta,FANTA-KENSHO
8137136,2019-07-14 19:52:53-05:00,SONY HD,Del Valle,NARANJA Y NA-MEJOR SABOR
8137146,2019-07-14 19:52:26-05:00,CANAL 2,Ciel,Promocion Ciel
8137132,2019-07-14 19:51:37-05:00,AZTECA 7,Santa Clara,SANTA CLARA-SANTOS MOME
8137118,2019-07-14 19:50:55-05:00,CANAL 2,Santa Clara,SANTA CLARA-SANTOS MOME
8137082,2019-07-14 19:45:08-05:00,CANAL 5,Sprite,Botella Azul Sprite Reciclada
8137056,2019-07-14 19:42:09-05:00,AXN,Mundet,MUNDET-NUEVA LOCUC
8137043,2019-07-14 19:42:05-05:00,CANAL 2,Ciel,AGUA CIEL-CIELMINEREM
8137033,2019-07-14 19:41:20-05:00,CANAL 2,Del Valle,NARANJA Y NA-MEJOR SABOR
8137034,2019-07-14 19:41:20-05:00,AXN,Sprite,Botella Azul Sprite Reciclada
8137020,2019-07-14 19:39:40-05:00,CANAL 2,Santa Clara,SANTA CLARA-SANTOS MOME
8137006,2019-07-14 19:38:54-05:00,FX,Ciel,AGUA CIEL-CIELMINEREM
8136997,2019-07-14 19:37:24-05:00,CANAL 2,Sprite,Botella Azul Sprite Reciclada
8136977,2019-07-14 19:32:09-05:00,AMC,Sprite,Botella Azul Sprite Reciclada
8136960,2019-07-14 19:30:27-05:00,A&E,Del Valle,NARANJA Y NA-MEJOR SABOR
8136886,2019-07-14 19:21:39-05:00,CANAL 5,Ciel,Promocion Ciel
8136725,2019-07-14 18:54:50-05:00,CANAL 2,Ciel,AGUA CIEL-CIELMINEREM
8136428,2019-07-14 18:14:44-05:00,CANAL 2,Sprite,Botella Azul Sprite Reciclada
8136048,2019-07-14 17:13:25-05:00,SONY HD,Mundet,MUNDET-NUEVA LOCUC
8135989,2019-07-14 17:05:19-05:00,CANAL 5,Ciel,Promocion Ciel
8135984,2019-07-14 17:04:17-05:00,A&E,Mundet,MUNDET-NUEVA LOCUC
8135865,2019-07-14 16:47:31-05:00,CANAL 5,Ciel,AGUA CIEL-CIELMINEREM
8135847,2019-07-14 16:44:42-05:00,CANAL 5,Sprite,Botella Azul Sprite Reciclada
8135801,2019-07-14 16:32:57-05:00,AZTECA UNO,Santa Clara,Santos Momentos
8135782,2019-07-14 16:29:56-05:00,AZTECA UNO,Coca-Cola,COCA COLA-QUESADILLA
8135687,2019-07-14 16:14:43-05:00,AZTECA UNO,Ciel,Promocion Ciel
8135636,2019-07-14 16:05:51-05:00,AMC,Sprite,Botella Azul Sprite Reciclada
8135257,2019-07-14 15:08:09-05:00,AMC,Del Valle,NARANJA Y NA-MEJOR SABOR
8135036,2019-07-14 14:25:23-05:00,AMC,Del Valle,NARANJA Y NA-MEJOR SABOR
8134581,2019-07-14 13:08:21-05:00,AMC,Sprite,Botella Azul Sprite Reciclada
8134067,2019-07-14 11:38:48-05:00,CANAL 2,Mundet,MUNDET-NUEVA LOCUC
8134029,2019-07-14 11:35:41-05:00,CANAL 2,Ciel,AGUA CIEL-CIELMINEREM
8134026,2019-07-14 11:35:01-05:00,AZTECA 7,Santa Clara,SANTA CLARA-SANTOS MOME
8134016,2019-07-14 11:33:40-05:00,CANAL 2,Del Valle,NARANJA Y NA-MEJOR SABOR
8133949,2019-07-14 11:19:27-05:00,AZTECA UNO,Coca-Cola,COCA COLA-FOODING FIL
8133233,2019-07-14 08:19:57-05:00,AZTECA UNO,Coca-Cola,COCA COLA-FOODING FIL
8132746,2019-07-14 00:33:37-05:00,Studio Universal,Sprite,Botella Azul Sprite Reciclada
8132718,2019-07-14 00:20:21-05:00,Studio Universal,Sprite,Botella Azul Sprite Reciclada
8132650,2019-07-13 23:55:52-05:00,CANAL 2,Fanta,FANTA-KENSHO
8132634,2019-07-13 23:53:22-05:00,CANAL 2,Coca-Cola,COCA COLA-FOODING FIL
8132610,2019-07-13 23:49:37-05:00,SONY HD,Mundet,MUNDET-NUEVA LOCUC
8132608,2019-07-13 23:49:25-05:00,COMEDY CENTRAL MX,Del Valle,NARANJA Y NA-MEJOR SABOR
8132595,2019-07-13 23:46:16-05:00,FX,Coca-Cola,COCA COLA-QUESADILLA
8132578,2019-07-13 23:43:52-05:00,AZTECA UNO,Santa Clara,Santos Momentos
8132531,2019-07-13 23:41:18-05:00,FX,Sprite,Botella Azul Sprite Reciclada
8132503,2019-07-13 23:38:55-05:00,CANAL 9,Santa Clara,SANTA CLARA-SANTOS MOME
8132483,2019-07-13 23:35:37-05:00,FOX,Sprite,Botella Azul Sprite Reciclada
8132449,2019-07-13 23:31:04-05:00,CANAL 2,Santa Clara,SANTA CLARA-SANTOS MOME
8132419,2019-07-13 23:27:24-05:00,CANAL 2,Del Valle,NARANJA Y NA-MEJOR SABOR
8132391,2019-07-13 23:23:04-05:00,A&E,Coca-Cola,COCA COLA-FOODING FIL
8132394,2019-07-13 23:21:08-05:00,SONY HD,Coca-Cola,COCA COLA-FOODING FIL
8132359,2019-07-13 23:19:26-05:00,FX,Sprite,Botella Azul Sprite Reciclada
8132357,2019-07-13 23:18:53-05:00,FOX,Del Valle,NARANJA Y NA-MEJOR SABOR
8132327,2019-07-13 23:16:03-05:00,HISTORY,Del Valle,NARANJA Y NA-MEJOR SABOR
8132339,2019-07-13 23:15:13-05:00,FOX,Del Valle,NARANJA Y NA-MEJOR SABOR
8132313,2019-07-13 23:11:29-05:00,AMC,Del Valle,NARANJA Y NA-MEJOR SABOR
8132294,2019-07-13 23:08:29-05:00,AXN,Mundet,MUNDET-NUEVA LOCUC
8132285,2019-07-13 23:06:29-05:00,A&E,Coca-Cola,COCA COLA-FOODING FIL
8132214,2019-07-13 22:54:41-05:00,AMC,Ciel,AGUA CIEL-CIELMINEREM
8132207,2019-07-13 22:54:18-05:00,FOX,Sprite,Botella Azul Sprite Reciclada
8132197,2019-07-13 22:53:52-05:00,AMC,Sprite,Botella Azul Sprite Reciclada
8132189,2019-07-13 22:53:42-05:00,HISTORY,Del Valle,NARANJA Y NA-MEJOR SABOR
8132199,2019-07-13 22:53:15-05:00,FOX,Ciel,AGUA CIEL-CIELMINEREM
8132167,2019-07-13 22:51:04-05:00,COMEDY CENTRAL MX,Del Valle,NARANJA Y NA-MEJOR SABOR
8132154,2019-07-13 22:50:31-05:00,AXN,Del Valle,NARANJA Y NA-MEJOR SABOR
8132153,2019-07-13 22:50:17-05:00,UNIVERSAL,Del Valle,NARANJA Y NA-MEJOR SABOR
8132156,2019-07-13 22:49:28-05:00,SONY HD,Sprite,Botella Azul Sprite Reciclada
8132135,2019-07-13 22:47:32-05:00,AXN,Sprite,Botella Azul Sprite Reciclada
8132080,2019-07-13 22:38:46-05:00,CANAL 2,Ciel,Promocion Ciel
8132040,2019-07-13 22:35:57-05:00,AXN,Sprite,Botella Azul Sprite Reciclada
8132017,2019-07-13 22:32:35-05:00,UNIVERSAL,Del Valle,NARANJA Y NA-MEJOR SABOR
8132003,2019-07-13 22:31:30-05:00,AZTECA UNO,Coca-Cola,COCA COLA-FOODING FIL
8132001,2019-07-13 22:31:13-05:00,COMEDY CENTRAL MX,Coca-Cola,COCA COLA-FOODING FIL
8131991,2019-07-13 22:30:54-05:00,FOX,Ciel,AGUA CIEL-CIELMINEREM
8131998,2019-07-13 22:30:16-05:00,AZTECA UNO,Santa Clara,Santos Momentos
8131951,2019-07-13 22:22:53-05:00,HISTORY,Sprite,Botella Azul Sprite Reciclada
8131940,2019-07-13 22:22:16-05:00,CANAL 2,Coca-Cola,Algo Para Tus Comidas
8131922,2019-07-13 22:21:20-05:00,CANAL 2,Fanta,FANTA-KENSHO
8131925,2019-07-13 22:18:07-05:00,SONY HD,Del Valle,NARANJA Y NA-MEJOR SABOR
8131861,2019-07-13 22:16:35-05:00,CANAL 2,Mundet,MUNDET-NUEVA LOCUC
8131833,2019-07-13 22:12:06-05:00,CANAL 9,Del Valle,NARANJA Y NA-MEJOR SABOR
8131820,2019-07-13 22:09:30-05:00,AXN,Mundet,MUNDET-NUEVA LOCUC
8131798,2019-07-13 21:58:14-05:00,CANAL 2,Del Valle,NARANJA Y NA-MEJOR SABOR
8131796,2019-07-13 21:57:34-05:00,CANAL 2,Ciel,AGUA CIEL-CIELMINEREM
8131659,2019-07-13 21:43:16-05:00,HOME&HEALTH,Coca-Cola,COCA COLA-QUESADILLA
8131650,2019-07-13 21:42:38-05:00,A&E,Del Valle,NARANJA Y NA-MEJOR SABOR
8131640,2019-07-13 21:41:31-05:00,CANAL 2,Coca-Cola,COCA COLA-QUESADILLA
8131596,2019-07-13 21:37:25-05:00,COMEDY CENTRAL MX,Sprite,Botella Azul Sprite Reciclada
8131581,2019-07-13 21:36:16-05:00,CANAL 5,Coca-Cola,COCA COLA-QUESADILLA
8131564,2019-07-13 21:32:36-05:00,IMAGEN TV,Ciel,Promocion Ciel
8131547,2019-07-13 21:31:16-05:00,CANAL 5,Sprite,Botella Azul Sprite Reciclada
8131536,2019-07-13 21:28:46-05:00,HISTORY,Sprite,Botella Azul Sprite Reciclada
8131525,2019-07-13 21:26:38-05:00,AMC,Del Valle,NARANJA Y NA-MEJOR SABOR
8131519,2019-07-13 21:24:51-05:00,HOME&HEALTH,Coca-Cola,COCA COLA-QUESADILLA
8131518,2019-07-13 21:22:56-05:00,A&E,Del Valle,NARANJA Y NA-MEJOR SABOR
8131517,2019-07-13 21:22:26-05:00,A&E,Coca-Cola,COCA COLA-FOODING FIL
8131436,2019-07-13 21:18:19-05:00,FX,Ciel,AGUA CIEL-CIELMINEREM
8131433,2019-07-13 21:18:06-05:00,CANAL 2,Santa Clara,SANTA CLARA-SANTOS MOME
8131418,2019-07-13 21:16:24-05:00,AXN,Del Valle,NARANJA Y NA-MEJOR SABOR
8131376,2019-07-13 21:13:06-05:00,SONY HD,Mundet,MUNDET-NUEVA LOCUC
8131355,2019-07-13 21:10:03-05:00,AMC,Sprite,Botella Azul Sprite Reciclada
8131345,2019-07-13 21:09:36-05:00,CANAL 5,Santa Clara,SANTA CLARA-SANTOS MOME
8131261,2019-07-13 20:55:04-05:00,SONY HD,Del Valle,NARANJA Y NA-MEJOR SABOR
8131179,2019-07-13 20:47:41-05:00,AMC,Del Valle,NARANJA Y NA-MEJOR SABOR
8131142,2019-07-13 20:45:01-05:00,CANAL 5,Ciel,AGUA CIEL-CIELMINEREM
8131112,2019-07-13 20:42:21-05:00,SONY HD,Mundet,MUNDET-NUEVA LOCUC
8131123,2019-07-13 20:41:51-05:00,FX,Coca-Cola,COCA COLA-QUESADILLA
8131095,2019-07-13 20:40:37-05:00,AXN,Mundet,MUNDET-NUEVA LOCUC
8131075,2019-07-13 20:37:02-05:00,COMEDY CENTRAL MX,Sprite,Botella Azul Sprite Reciclada
8131005,2019-07-13 20:27:08-05:00,SONY HD,Del Valle,NARANJA Y NA-MEJOR SABOR
8130990,2019-07-13 20:23:03-05:00,AXN,Del Valle,NARANJA Y NA-MEJOR SABOR
8130971,2019-07-13 20:22:12-05:00,HISTORY,Del Valle,NARANJA Y NA-MEJOR SABOR
8130947,2019-07-13 20:20:11-05:00,FX,Ciel,AGUA CIEL-CIELMINEREM
8130902,2019-07-13 20:16:07-05:00,COMEDY CENTRAL MX,Ciel,AGUA CIEL-CIELMINEREM
8130885,2019-07-13 20:13:19-05:00,SONY HD,Coca-Cola,Es Hora De Juntarse A Comer
8130839,2019-07-13 20:00:47-05:00,SONY HD,Sprite,Botella Azul Sprite Reciclada
8130833,2019-07-13 19:58:49-05:00,UNIVERSAL,Del Valle,NARANJA Y NA-MEJOR SABOR
8130755,2019-07-13 19:50:46-05:00,CANAL 2,Santa Clara,SANTA CLARA-SANTOS MOME
8130753,2019-07-13 19:50:46-05:00,COMEDY CENTRAL MX,Del Valle,NARANJA Y NA-MEJOR SABOR
8130665,2019-07-13 19:42:46-05:00,COMEDY CENTRAL MX,Sprite,Botella Azul Sprite Reciclada
8130644,2019-07-13 19:41:31-05:00,A&E,Del Valle,NARANJA Y NA-MEJOR SABOR
8130601,2019-07-13 19:36:24-05:00,SONY HD,Sprite,Botella Azul Sprite Reciclada
8130589,2019-07-13 19:35:01-05:00,AMC,Sprite,Botella Azul Sprite Reciclada
8130564,2019-07-13 19:34:20-05:00,AMC,Ciel,AGUA CIEL-CIELMINEREM
8130480,2019-07-13 19:19:02-05:00,CANAL 2,Santa Clara,SANTA CLARA-SANTOS MOME
8130477,2019-07-13 19:18:52-05:00,CANAL 2,Coca-Cola,Algo Para Tus Comidas
8130117,2019-07-13 18:27:17-05:00,CANAL 9,Sprite,Botella Azul Sprite Reciclada
8129805,2019-07-13 17:43:23-05:00,CANAL 9,Santa Clara,SANTA CLARA-SANTOS MOME
8129776,2019-07-13 17:36:43-05:00,A&E,Mundet,MUNDET-NUEVA LOCUC
8129691,2019-07-13 17:27:42-05:00,AMC,Del Valle,NARANJA Y NA-MEJOR SABOR
8129658,2019-07-13 17:23:45-05:00,CANAL 2,Santa Clara,SANTA CLARA-SANTOS MOME
8129627,2019-07-13 17:18:27-05:00,A&E,Mundet,MUNDET-NUEVA LOCUC
8129590,2019-07-13 17:11:26-05:00,CANAL 5,Santa Clara,SANTA CLARA-SANTOS MOME
8129548,2019-07-13 17:04:25-05:00,A&E,Mundet,MUNDET-NUEVA LOCUC
8129196,2019-07-13 16:01:17-05:00,AMC,Ciel,AGUA CIEL-CIELMINEREM
8129088,2019-07-13 15:41:45-05:00,AMC,Del Valle,NARANJA Y NA-MEJOR SABOR
8128987,2019-07-13 15:22:00-05:00,AMC,Sprite,Botella Azul Sprite Reciclada
8128858,2019-07-13 14:51:10-05:00,AZTECA UNO,Ciel,Promocion Ciel
8128707,2019-07-13 14:24:23-05:00,AZTECA UNO,Ciel,AGUA CIEL-CIELMINEREM
8128703,2019-07-13 14:22:34-05:00,AZTECA UNO,Santa Clara,Santos Momentos
8128695,2019-07-13 14:20:23-05:00,AZTECA UNO,Coca-Cola,COCA COLA-FOODING FIL
8128595,2019-07-13 14:08:27-05:00,AMC,Ciel,AGUA CIEL-CIELMINEREM
8128481,2019-07-13 13:47:10-05:00,AMC,Sprite,Botella Azul Sprite Reciclada
8128460,2019-07-13 13:45:48-05:00,AZTECA UNO,Ciel,AGUA CIEL-CIELMINEREM
8128389,2019-07-13 13:28:25-05:00,AZTECA UNO,Ciel,Promocion Ciel
8128375,2019-07-13 13:26:54-05:00,AZTECA UNO,Santa Clara,Santos Momentos
8128358,2019-07-13 13:24:23-05:00,AZTECA UNO,Coca-Cola,COCA COLA-FOODING FIL
8128060,2019-07-13 12:31:11-05:00,AZTECA UNO,Mundet,#ALaMexicana
8127836,2019-07-13 11:42:05-05:00,AZTECA UNO,Santa Clara,Santos Momentos
8126798,2019-07-13 07:02:47-05:00,SONY HD,Del Valle,NARANJA Y NA-MEJOR SABOR
8126575,2019-07-13 01:51:20-05:00,FX,Ciel,AGUA CIEL-CIELMINEREM
8126560,2019-07-13 01:35:28-05:00,FOX,Ciel,AGUA CIEL-CIELMINEREM
8126553,2019-07-13 01:32:18-05:00,FOX,Del Valle,NARANJA Y NA-MEJOR SABOR
8126552,2019-07-13 01:31:28-05:00,FOX,Coca-Cola,COCA COLA-QUESADILLA
8126538,2019-07-13 01:16:06-05:00,FOX,Del Valle,NARANJA Y NA-MEJOR SABOR
8126534,2019-07-13 01:14:27-05:00,FOX,Sprite,Botella Azul Sprite Reciclada
8126532,2019-07-13 01:13:27-05:00,FOX,Sprite,Botella Azul Sprite Reciclada
8126529,2019-07-13 01:12:41-05:00,FOX,Coca-Cola,COCA COLA-FOODING FIL
8126522,2019-07-13 01:08:05-05:00,Studio Universal,Sprite,Botella Azul Sprite Reciclada
8126502,2019-07-13 00:47:47-05:00,CANAL 9,Santa Clara,SANTA CLARA-SANTOS MOME
8126495,2019-07-13 00:47:27-05:00,CANAL 9,Del Valle,NARANJA Y NA-MEJOR SABOR
8126491,2019-07-13 00:44:37-05:00,CANAL 9,Coca-Cola,COCA COLA-FOODING FIL
8126485,2019-07-13 00:43:17-05:00,CANAL 9,Mundet,MUNDET-NUEVA LOCUC
8126479,2019-07-13 00:42:53-05:00,Studio Universal,Sprite,Botella Azul Sprite Reciclada
8126425,2019-07-13 00:17:37-05:00,FX,Ciel,AGUA CIEL-CIELMINEREM
8126385,2019-07-13 00:01:51-05:00,AMC,Del Valle,NARANJA Y NA-MEJOR SABOR
8126348,2019-07-12 23:53:53-05:00,CANAL 2,Santa Clara,SANTA CLARA-SANTOS MOME
8126314,2019-07-12 23:51:09-05:00,COMEDY CENTRAL MX,Del Valle,NARANJA Y NA-MEJOR SABOR
8126240,2019-07-12 23:42:43-05:00,AXN,Mundet,MUNDET-NUEVA LOCUC
8126228,2019-07-12 23:37:30-05:00,HOME&HEALTH,Sprite,Botella Azul Sprite Reciclada
8126156,2019-07-12 23:26:56-05:00,CANAL 2,Mundet,MUNDET-NUEVA LOCUC
8126116,2019-07-12 23:22:53-05:00,COMEDY CENTRAL MX,Sprite,Botella Azul Sprite Reciclada
8126068,2019-07-12 23:19:27-05:00,CANAL 2,Coca-Cola,COCA COLA-QUESADILLA
8126069,2019-07-12 23:19:24-05:00,SONY HD,Coca-Cola,COCA COLA-FOODING FIL
8126044,2019-07-12 23:16:35-05:00,AMC,Del Valle,NARANJA Y NA-MEJOR SABOR
8126016,2019-07-12 23:11:33-05:00,AXN,Del Valle,NARANJA Y NA-MEJOR SABOR
8126013,2019-07-12 23:11:02-05:00,CANAL 5,Santa Clara,SANTA CLARA-SANTOS MOME
8125952,2019-07-12 23:01:35-05:00,CANAL 2,Ciel,AGUA CIEL-CIELMINEREM
8125951,2019-07-12 23:01:25-05:00,CANAL 2,Fanta,FANTA-KENSHO
8125947,2019-07-12 23:00:36-05:00,CANAL 2,Coca-Cola,Algo Para Tus Comidas
8125938,2019-07-12 22:56:53-05:00,CANAL 2,Coca-Cola,COCA COLA-QUESADILLA
8125922,2019-07-12 22:53:14-05:00,AMC,Ciel,AGUA CIEL-CIELMINEREM
8125915,2019-07-12 22:52:54-05:00,AMC,Del Valle,NARANJA Y NA-MEJOR SABOR
8125913,2019-07-12 22:52:20-05:00,TNT,Coca-Cola,COCA COLA-QUESADILLA
8125878,2019-07-12 22:47:47-05:00,CANAL 9,Coca-Cola,COCA COLA-FOODING FIL
8125859,2019-07-12 22:46:08-05:00,AZTECA 7,Santa Clara,SANTA CLARA-SANTOS MOME
8125804,2019-07-12 22:35:53-05:00,COMEDY CENTRAL MX,Coca-Cola,COCA COLA-FOODING FIL
8125791,2019-07-12 22:32:28-05:00,AMC,Sprite,Botella Azul Sprite Reciclada
8125732,2019-07-12 22:26:06-05:00,CANAL 5,Sprite,Botella Azul Sprite Reciclada
8125694,2019-07-12 22:22:21-05:00,CANAL 5,Coca-Cola,Algo Para Tus Comidas
8125654,2019-07-12 22:18:26-05:00,FX,Sprite,Botella Azul Sprite Reciclada
8125608,2019-07-12 22:13:18-05:00,CANAL 2,Coca-Cola,Algo Para Tus Comidas
8125590,2019-07-12 22:11:10-05:00,CANAL 5,Del Valle,NARANJA Y NA-MEJOR SABOR
8125566,2019-07-12 22:05:40-05:00,CANAL 5,Ciel,AGUA CIEL-CIELMINEREM
8125544,2019-07-12 22:04:19-05:00,CANAL 5,Fanta,FANTA-KENSHO
8125526,2019-07-12 21:58:10-05:00,COMEDY CENTRAL MX,Ciel,AGUA CIEL-CIELMINEREM
8125477,2019-07-12 21:49:02-05:00,AXN,Sprite,Botella Azul Sprite Reciclada
8125376,2019-07-12 21:40:35-05:00,A&E,Coca-Cola,COCA COLA-FOODING FIL
8125307,2019-07-12 21:33:03-05:00,A&E,Mundet,MUNDET-NUEVA LOCUC
8125293,2019-07-12 21:30:25-05:00,CANAL 9,Santa Clara,SANTA CLARA-SANTOS MOME
8125291,2019-07-12 21:29:39-05:00,COMEDY CENTRAL MX,Sprite,Botella Azul Sprite Reciclada
8125277,2019-07-12 21:27:34-05:00,HISTORY,Del Valle,NARANJA Y NA-MEJOR SABOR
8125240,2019-07-12 21:23:34-05:00,AMC,Powerade,POWERADE-MANIFIESTO
8125218,2019-07-12 21:22:52-05:00,AXN,Mundet,MUNDET-NUEVA LOCUC
8125213,2019-07-12 21:22:50-05:00,AMC,Del Valle,NARANJA Y NA-MEJOR SABOR
8125155,2019-07-12 21:15:41-05:00,TNT,Coca-Cola,COCA COLA-FOODING FIL
8125141,2019-07-12 21:13:58-05:00,AZTECA 7,Santa Clara,SANTA CLARA-SANTOS MOME
8125122,2019-07-12 21:11:16-05:00,SONY HD,Mundet,MUNDET-NUEVA LOCUC
8125109,2019-07-12 21:10:54-05:00,AZTECA 7,Ciel,Promocion Ciel
8125102,2019-07-12 21:10:04-05:00,CANAL 2,Powerade,POWERADE-MANIFIESTO
8125099,2019-07-12 21:07:44-05:00,AXN,Sprite,Botella Azul Sprite Reciclada
8125065,2019-07-12 21:04:09-05:00,AZTECA UNO,Santa Clara,Santos Momentos
8125051,2019-07-12 21:02:15-05:00,AMC,Ciel,AGUA CIEL-CIELMINEREM
8125048,2019-07-12 21:01:36-05:00,AMC,Sprite,Botella Azul Sprite Reciclada
8125029,2019-07-12 20:57:18-05:00,AZTECA UNO,Ciel,AGUA CIEL-CIELMINEREM
8124950,2019-07-12 20:48:51-05:00,COMEDY CENTRAL MX,Del Valle,NARANJA Y NA-MEJOR SABOR
8124991,2019-07-12 20:48:47-05:00,SONY HD,Sprite,Botella Azul Sprite Reciclada
8124936,2019-07-12 20:47:00-05:00,A&E,Mundet,MUNDET-NUEVA LOCUC
8124925,2019-07-12 20:44:45-05:00,FX,Sprite,Botella Azul Sprite Reciclada
8124864,2019-07-12 20:36:53-05:00,A&E,Coca-Cola,COCA COLA-FOODING FIL
8124875,2019-07-12 20:36:41-05:00,HOME&HEALTH,Sprite,Botella Azul Sprite Reciclada
8124808,2019-07-12 20:29:03-05:00,AZTECA 7,Santa Clara,SANTA CLARA-SANTOS MOME
8124745,2019-07-12 20:21:31-05:00,COMEDY CENTRAL MX,Coca-Cola,COCA COLA-QUESADILLA
8124827,2019-07-12 20:20:40-05:00,SONY HD,Sprite,Botella Azul Sprite Reciclada
8124703,2019-07-12 20:17:08-05:00,AZTECA UNO,Ciel,Promocion Ciel
8124687,2019-07-12 20:14:03-05:00,AXN,Del Valle,NARANJA Y NA-MEJOR SABOR
8124668,2019-07-12 20:12:05-05:00,CANAL 2,Santa Clara,SANTA CLARA-SANTOS MOME
8124667,2019-07-12 20:11:56-05:00,CANAL 2,Ciel,Promocion Ciel
8124609,2019-07-12 20:05:26-05:00,COMEDY CENTRAL MX,Ciel,AGUA CIEL-CIELMINEREM
8124581,2019-07-12 20:01:46-05:00,A&E,Mundet,Acompa単ando La Comida Mexicana
8124578,2019-07-12 19:58:54-05:00,CANAL 2,Ciel,AGUA CIEL-CIELMINEREM
8124535,2019-07-12 19:49:42-05:00,CANAL 2,Fanta,FANTA-KENSHO
8124524,2019-07-12 19:49:14-05:00,COMEDY CENTRAL MX,Del Valle,NARANJA Y NA-MEJOR SABOR
8124518,2019-07-12 19:47:18-05:00,DISCOVERY,Mundet,MUNDET-NUEVA LOCUC
8124516,2019-07-12 19:46:31-05:00,HISTORY,Del Valle,NARANJA Y NA-MEJOR SABOR
8124505,2019-07-12 19:45:48-05:00,DISCOVERY,Del Valle,NARANJA Y NA-MEJOR SABOR
8124379,2019-07-12 19:27:50-05:00,HISTORY,Sprite,Botella Azul Sprite Reciclada
8124362,2019-07-12 19:24:51-05:00,AMC,Sprite,Botella Azul Sprite Reciclada
8124295,2019-07-12 19:17:24-05:00,CANAL 2,Ciel,AGUA CIEL-CIELMINEREM
8124273,2019-07-12 19:13:47-05:00,AZTECA UNO,Coca-Cola,COCA COLA-FOODING FIL
8124232,2019-07-12 19:08:44-05:00,AZTECA 7,Fanta,FANTA-KENSHO
8124211,2019-07-12 19:06:08-05:00,CANAL 2,Santa Clara,SANTA CLARA-SANTOS MOME
8124104,2019-07-12 18:49:22-05:00,SONY HD,Mundet,MUNDET-NUEVA LOCUC
8123903,2019-07-12 18:25:05-05:00,AZTECA UNO,Mundet,#ALaMexicana
8123818,2019-07-12 18:17:27-05:00,IMAGEN TV,Coca-Cola,COCA COLA-QUESADILLA
8123500,2019-07-12 17:34:17-05:00,SONY HD,Mundet,MUNDET-NUEVA LOCUC
8123084,2019-07-12 16:40:52-05:00,AMC,Del Valle,NARANJA Y NA-MEJOR SABOR
8122861,2019-07-12 16:00:50-05:00,CANAL 2,Ciel,Promocion Ciel
8122722,2019-07-12 15:39:05-05:00,CANAL 2,Del Valle,NARANJA Y NA-MEJOR SABOR
8122671,2019-07-12 15:15:02-05:00,CANAL 2,Ciel,AGUA CIEL-CIELMINEREM
8122536,2019-07-12 15:09:34-05:00,AMC,Del Valle,NARANJA Y NA-MEJOR SABOR
8122457,2019-07-12 14:55:49-05:00,CANAL 2,Fanta,FANTA-KENSHO
8122367,2019-07-12 14:42:57-05:00,CANAL 2,Santa Clara,SANTA CLARA-SANTOS MOME
8122361,2019-07-12 14:40:18-05:00,CANAL 2,Coca-Cola,Algo Para Tus Comidas
8122281,2019-07-12 14:27:33-05:00,AZTECA UNO,Santa Clara,Santos Momentos
8121843,2019-07-12 13:35:54-05:00,AZTECA UNO,Santa Clara,Santos Momentos
8121779,2019-07-12 13:28:09-05:00,CANAL 2,Santa Clara,SANTA CLARA-SANTOS MOME
8121768,2019-07-12 13:26:33-05:00,AMC,Sprite,Botella Azul Sprite Reciclada
8121444,2019-07-12 12:35:50-05:00,CANAL 2,Mundet,MUNDET-NUEVA LOCUC
8120970,2019-07-12 11:13:38-05:00,CANAL 2,Ciel,Promocion Ciel
8120953,2019-07-12 11:13:06-05:00,CANAL 2,Santa Clara,SANTA CLARA-SANTOS MOME
8120866,2019-07-12 10:51:18-05:00,CANAL 2,Fanta,FANTA-KENSHO
8120855,2019-07-12 10:48:18-05:00,CANAL 2,Coca-Cola,COCA COLA-FOODING FIL
8120822,2019-07-12 10:37:28-05:00,AZTECA UNO,Ciel,Promocion Ciel
8120626,2019-07-12 09:51:46-05:00,AZTECA UNO,Coca-Cola,COCA COLA-FOODING FIL
8120556,2019-07-12 09:34:52-05:00,AZTECA UNO,Santa Clara,Santos Momentos
8120529,2019-07-12 09:30:34-05:00,CANAL 2,Ciel,AGUA CIEL-CIELMINEREM
8120301,2019-07-12 08:14:58-05:00,AZTECA UNO,Ciel,Promocion Ciel
8120294,2019-07-12 08:09:44-05:00,CANAL 2,Del Valle,NARANJA Y NA-MEJOR SABOR
8120085,2019-07-12 06:57:22-05:00,AZTECA UNO,Ciel,Promocion Ciel
8120046,2019-07-12 06:42:56-05:00,CANAL 2,Santa Clara,SANTA CLARA-SANTOS MOME
8120035,2019-07-12 06:41:16-05:00,CANAL 2,Del Valle,NARANJA Y NA-MEJOR SABOR
8119945,2019-07-12 05:56:06-05:00,AZTECA UNO,Mundet,MUNDET-NUEVA LOCUC
8119773,2019-07-12 00:47:28-05:00,CANAL 9,Ciel,AGUA CIEL-CIELMINEREM
8119770,2019-07-12 00:45:38-05:00,CANAL 9,Del Valle,NARANJA Y NA-MEJOR SABOR
8119769,2019-07-12 00:44:50-05:00,DISCOVERY,Mundet,MUNDET-NUEVA LOCUC
8119767,2019-07-12 00:43:28-05:00,CANAL 9,Santa Clara,SANTA CLARA-SANTOS MOME
8119694,2019-07-12 00:13:37-05:00,FX,Ciel,AGUA CIEL-CIELMINEREM
8119658,2019-07-12 00:03:29-05:00,AMC,Del Valle,NARANJA Y NA-MEJOR SABOR
8119654,2019-07-12 00:02:45-05:00,AZTECA UNO,Santa Clara,Santos Momentos